Word,BSL Rank,Band,SFI,U,,,,,,581.3333333
mister,1,1,71.51,1416.4,,,,,,
goods,2,1,66.71,468.5,,,,,,
equity,3,1,66.15,411.67,,,,,,
dividend,4,1,65.15,327.16,,,,,,
portfolio,5,1,64.97,314.17,,,,,,
sponsorship,6,1,62.37,172.54,,,,,,
inventory,7,1,63.62,230.19,,,,,,
transaction,8,1,64.52,283.43,,,,,,
non,9,1,64.38,273.88,,,,,,
lease,10,1,63.06,202.09,,,,,,
hedge,11,1,62.32,170.71,,,,,,
distribution,12,1,63.3,213.91,,,,,,
premium,13,1,62.93,196.21,,,,,,
client,14,1,63.27,212.36,,,,,,
impact,15,1,63.3,213.6,,,,,,
authority,16,1,63.37,217.48,,,,,,
obtain,17,1,62.67,184.93,,,,,,
maturity,18,1,61.63,145.44,,,,,,
publish,19,1,62.63,183.07,,,,,,
sometime,20,1,62.08,161.3,,,,,,
economist,21,1,61.59,144.2,,,,,,
media,22,1,61.78,150.64,,,,,,
marginal,23,1,60.97,124.98,,,,,,
seller,24,1,61.28,134.26,,,,,,
merger,25,1,61.37,137.16,,,,,,
audit,26,1,61.09,128.4,,,,,,
e-book,27,1,60.51,112.43,,,,,,
consumption,28,1,60.96,124.67,,,,,,
variance,29,1,59.49,88.89,,,,,,
depreciation,30,1,59.88,97.18,,,,,,
strategic,31,1,60.71,117.86,,,,,,
anti,32,1,59.89,97.41,,,,,,
recession,33,1,60.73,118.2,,,,,,
entity,34,1,59.9,97.74,,,,,,
utility,35,1,60.39,109.43,,,,,,
productivity,36,1,60.63,115.54,,,,,,
euro,37,1,59.75,94.31,,,,,,
overhead,38,1,58.95,78.52,,,,,,
organizational,39,1,59.84,96.33,,,,,,
commodity,40,1,60.23,105.4,,,,,,
monetary,41,1,60.42,110.17,,,,,,
aggregate,42,1,59.8,95.61,,,,,,
valuation,43,1,59.81,95.75,,,,,,
fiscal,44,1,60.13,103,,,,,,
payable,45,1,59.29,84.9,,,,,,
default,46,1,59.8,95.61,,,,,,
aspect,47,1,59.91,97.84,,,,,,
calculation,48,1,59.62,91.62,,,,,,
subsidiary,49,1,59.87,97.02,,,,,,
mid,50,1,59.86,96.85,,,,,,
allocation,51,1,59.23,83.75,,,,,,
coupon,52,1,58.95,78.52,,,,,,
volatility,53,1,58.81,76.01,,,,,,
retailer,54,1,59.85,96.67,,,,,,
deviation,55,1,58.64,73.1,,,,,,
receivable,56,1,58.03,63.59,,,,,,
equilibrium,57,1,59.13,81.8,,,,,,
pre,58,1,59.7,93.43,,,,,,
creditor,59,1,59.52,89.57,,,,,,
derivative,60,1,59.09,81.08,,,,,,
sub,61,1,58.37,68.7,,,,,,
incur,62,1,59.04,80.19,,,,,,
surplus,63,1,59.5,89.2,,,,,,
annuity,64,1,57.44,55.41,,,,,,
disclosure,65,1,58.9,77.68,,,,,,
regime,66,1,58.53,71.26,,,,,,
risky,67,1,58.86,76.89,,,,,,
leverage,68,1,58.37,68.65,,,,,,
broker,69,1,58.84,76.61,,,,,,
outstanding,70,1,58.71,74.24,,,,,,
internet,71,1,57.99,63,,,,,,
parliament,72,1,56.92,49.22,,,,,,
coalition,73,1,57.15,51.87,,,,,,
maximize,74,1,58.36,68.48,,,,,,
beta,75,1,57.72,59.21,,,,,,
lender,76,1,58.7,74.08,,,,,,
gross,77,1,58.51,70.91,,,,,,
liquidity,78,1,58.68,73.77,,,,,,
stockholder,79,1,56.64,46.17,,,,,,
vendor,80,1,58.46,70.12,,,,,,
fraud,81,1,58.67,73.59,,,,,,
allocate,82,1,58.37,68.7,,,,,,
regulator,83,1,58.01,63.3,,,,,,
par,84,1,57.74,59.38,,,,,,
swap,85,1,58.18,65.83,,,,,,
bankruptcy,86,1,58.49,70.69,,,,,,
provider,87,1,57.76,59.7,,,,,,
regression,88,1,57.04,50.54,,,,,,
turnover,89,1,58.29,67.41,,,,,,
accountant,90,1,58.1,64.59,,,,,,
constitution,91,1,56.67,46.43,,,,,,
trader,92,1,58.21,66.24,,,,,,
monopoly,93,1,58.34,68.23,,,,,,
correlation,94,1,57.41,55.1,,,,,,
stockmarket,95,1,56.21,41.79,,,,,,
ex,96,1,58.42,69.43,,,,,,
profitable,97,1,58.38,68.94,,,,,,
breach,98,1,58.08,64.23,,,,,,
subsidy,99,1,57.99,62.96,,,,,,
auditor,100,1,58.09,64.42,,,,,,
banker,101,1,58.15,65.3,,,,,,
corruption,102,1,56.35,43.19,,,,,,
issuer,103,1,57.16,51.98,,,,,,
borrower,104,1,58.19,65.96,,,,,,
insurer,105,1,57.69,58.71,,,,,,
patent,106,1,57.95,62.33,,,,,,
profitability,107,1,57.69,58.74,,,,,,
debit,108,1,56.83,48.2,,,,,,
duration,109,1,57.11,51.37,,,,,,
scenario,110,1,57.35,54.35,,,,,,
terrorism,111,1,55.68,37.01,,,,,,
respondent,112,1,57.37,54.63,,,,,,
regulatory,113,1,57.8,60.28,,,,,,
takeover,114,1,57.65,58.19,,,,,,
coefficient,115,1,56.84,48.27,,,,,,
indicator,116,1,57.28,53.51,,,,,,
classify,117,1,57.34,54.17,,,,,,
receipt,118,1,57.44,55.44,,,,,,
optimal,119,1,56.92,49.25,,,,,,
nominal,120,1,57.43,55.37,,,,,,
infrastructure,121,1,57.49,56.11,,,,,,
disclose,122,1,57.56,57.02,,,,,,
offset,123,1,57.51,56.41,,,,,,
effectiveness,124,1,57.2,52.49,,,,,,
merchandise,125,1,56.36,43.25,,,,,,
bound,126,1,57.54,56.82,,,,,,
bargain,127,1,57.24,53,,,,,,
conversion,128,1,56.91,49.09,,,,,,
statistics,129,1,57.4,54.97,,,,,,
stakeholder,130,1,56.22,41.89,,,,,,
administrative,131,1,57.1,51.33,,,,,,
taxpayer,132,1,56.92,49.26,,,,,,
alliance,133,1,56.88,48.71,,,,,,
minimize,134,1,56.93,49.37,,,,,,
flexibility,135,1,57.17,52.1,,,,,,
debtor,136,1,56.5,44.66,,,,,,
liable,137,1,56.89,48.84,,,,,,
authorize,138,1,57.1,51.32,,,,,,
parameter,139,1,56.23,41.95,,,,,,
integration,140,1,57.27,53.38,,,,,,
scandal,141,1,55.93,39.16,,,,,,
interval,142,1,56.36,43.24,,,,,,
defer,143,1,56.73,47.13,,,,,,
carrier,144,1,57.16,51.99,,,,,,
worldwide,145,1,57.19,52.34,,,,,,
payoff,146,1,55.72,37.36,,,,,,
ethical,147,1,55.8,38.03,,,,,,
publicly,148,1,57.08,51.05,,,,,,
bonus,149,1,57.05,50.68,,,,,,
governance,150,1,56.85,48.44,,,,,,
contractor,151,1,56.88,48.79,,,,,,
marketer,152,1,55.65,36.69,,,,,,
benchmark,153,1,56.3,42.68,,,,,,
rebel,154,1,54.48,28.06,,,,,,
statute,155,1,56.14,41.09,,,,,,
restructure,156,1,56.96,49.7,,,,,,
residual,157,1,55.93,39.19,,,,,,
bubble,158,1,56.16,41.26,,,,,,
arbitrage,159,1,56.24,42.09,,,,,,
acceptance,160,1,56.62,45.94,,,,,,
expertise,161,1,56.75,47.28,,,,,,
execute,162,1,56.46,44.26,,,,,,
airport,163,1,56.23,41.94,,,,,,
warranty,164,1,56.18,41.45,,,,,,
query,165,1,55.76,37.68,,,,,,
deem,166,1,56.78,47.59,,,,,,
dynamic,167,1,56.53,45,,,,,,
defendant,168,1,56.25,42.19,,,,,,
statistical,169,1,56.37,43.38,,,,,,
matrix,170,1,55.98,39.6,,,,,,
graph,171,1,56.05,40.24,,,,,,
allowance,172,1,56.35,43.18,,,,,,
commerce,173,1,56.35,43.12,,,,,,
assignment,174,1,56.18,41.45,,,,,,
enforce,175,1,56.68,46.61,,,,,,
emission,176,1,56.38,43.49,,,,,,
workforce,177,1,56.71,46.89,,,,,,
founder,178,1,56.35,43.19,,,,,,
replacement,179,1,56.59,45.59,,,,,,
warrant,180,1,56.39,43.52,,,,,,
tenant,181,1,55.84,38.4,,,,,,
telecom,182,1,55.37,34.4,,,,,,
accumulate,183,1,56.23,41.95,,,,,,
diversify,184,1,56.28,42.45,,,,,,
feedback,185,1,56.14,41.16,,,,,,
behalf,186,1,56.41,43.74,,,,,,
exploit,187,1,56.55,45.14,,,,,,
diagram,188,1,55.56,35.98,,,,,,
referendum,189,1,54.45,27.86,,,,,,
indirect,190,1,56.14,41.15,,,,,,
treaty,191,1,55.63,36.52,,,,,,
auction,192,1,56.51,44.81,,,,,,
sophisticate,193,1,56.5,44.69,,,,,,
multi,194,1,56.27,42.33,,,,,,
businessman,195,1,55.51,35.56,,,,,,
assembly,196,1,56.47,44.39,,,,,,
costly,197,1,56.46,44.23,,,,,,
commonly,198,1,56.09,40.6,,,,,,
superior,199,1,56.27,42.37,,,,,,
taxation,200,1,56.19,41.6,,,,,,
certificate,201,1,56.03,40.09,,,,,,
shortage,202,1,56.36,43.28,,,,,,
technological,203,1,56.4,43.65,,,,,,
multinational,204,1,56.32,42.88,,,,,,
plaintiff,205,1,55.82,38.23,,,,,,
prohibit,206,1,55.94,39.31,,,,,,
withdrawal,207,1,56.35,43.13,,,,,,
prediction,208,1,56.28,42.44,,,,,,
tariff,209,1,56.13,41.05,,,,,,
lobby,210,1,55.44,34.99,,,,,,
shrink,211,1,55.74,37.47,,,,,,
sharply,212,1,55.77,37.73,,,,,,
foreigner,213,1,54.98,31.45,,,,,,
compensate,214,1,56.22,41.86,,,,,,
merge,215,1,56.33,42.98,,,,,,
operational,216,1,56.05,40.24,,,,,,
consolidate,217,1,56.2,41.68,,,,,,
taxable,218,1,55.11,32.44,,,,,,
completion,219,1,55.74,37.54,,,,,,
disadvantage,220,1,56.06,40.38,,,,,,
productive,221,1,56.17,41.35,,,,,,
managerial,222,1,55.72,37.31,,,,,,
subordinate,223,1,55.65,36.73,,,,,,
compliance,224,1,55.79,37.93,,,,,,
inflow,225,1,55.67,36.88,,,,,,
pledge,226,1,55.85,38.46,,,,,,
cabinet,227,1,55.02,31.77,,,,,,
satellite,228,1,55.78,37.86,,,,,,
collateral,229,1,55.67,36.89,,,,,,
modest,230,1,55.81,38.14,,,,,,
convertible,231,1,55.62,36.48,,,,,,
thereby,232,1,56.04,40.14,,,,,,
ledger,233,1,54.62,29,,,,,,
linear,234,1,55.17,32.89,,,,,,
summit,235,1,53.86,24.34,,,,,,
repay,236,1,56.05,40.3,,,,,,
loyalty,237,1,56.04,40.17,,,,,,
ministry,238,1,54.67,29.29,,,,,,
multiply,239,1,55.57,36.05,,,,,,
exclusive,240,1,55.86,38.53,,,,,,
headquarter,241,1,55.99,39.68,,,,,,
guidance,242,1,55.7,37.16,,,,,,
rental,243,1,55.37,34.44,,,,,,
comply,244,1,55.92,39.05,,,,,,
tech,245,1,55.78,37.88,,,,,,
consensus,246,1,55.97,39.57,,,,,,
essentially,247,1,55.93,39.16,,,,,,
presidency,248,1,53.54,22.59,,,,,,
rational,249,1,55.73,37.45,,,,,,
con,250,1,54.96,31.3,,,,,,
violation,251,1,55.13,32.57,,,,,,
undermine,252,1,55.35,34.26,,,,,,
applicable,253,1,55.05,31.97,,,,,,
quarterly,254,1,55.56,35.97,,,,,,
payroll,255,1,55.65,36.75,,,,,,
identical,256,1,55.63,36.57,,,,,,
warehouse,257,1,55.53,35.75,,,,,,
download,258,1,54.48,28.06,,,,,,
facilitate,259,1,55.44,34.96,,,,,,
surge,260,1,55.23,33.33,,,,,,
substantially,261,1,55.5,35.48,,,,,,
spreadsheet,262,1,55.33,34.09,,,,,,
accuracy,263,1,55.19,33.07,,,,,,
favorable,264,1,55.65,36.74,,,,,,
predecessor,265,1,54.83,30.39,,,,,,
annually,266,1,55.38,34.49,,,,,,
deputy,267,1,54.33,27.13,,,,,,
sue,268,1,55.59,36.24,,,,,,
availability,269,1,55.4,34.64,,,,,,
sole,270,1,55.61,36.39,,,,,,
outsource,271,1,55.16,32.81,,,,,,
entrepreneur,272,1,55.7,37.17,,,,,,
chancellor,273,1,53.47,22.24,,,,,,
lawsuit,274,1,55.15,32.71,,,,,,
notably,275,1,54.97,31.43,,,,,,
fluctuation,276,1,55.17,32.92,,,,,,
discrimination,277,1,55.53,35.73,,,,,,
soar,278,1,54.89,30.84,,,,,,
widespread,279,1,55.38,34.54,,,,,,
valid,280,1,55.24,33.42,,,,,,
goodwill,281,1,55.13,32.59,,,,,,
diversification,282,1,54.95,31.25,,,,,,
likelihood,283,1,55.29,33.81,,,,,,
machinery,284,1,55.41,34.79,,,,,,
orient,285,1,55.2,33.13,,,,,,
usage,286,1,55.06,32.08,,,,,,
metric,287,1,54.07,25.5,,,,,,
insider,288,1,55.36,34.4,,,,,,
railway,289,1,54.21,26.36,,,,,,
minus,290,1,54.93,31.13,,,,,,
constitutional,291,1,54.45,27.88,,,,,,
privatization,292,1,54.75,29.87,,,,,,
tactic,293,1,55.39,34.6,,,,,,
missile,294,1,53.68,23.34,,,,,,
invoice,295,1,54.93,31.12,,,,,,
remedy,296,1,55.43,34.89,,,,,,
innovative,297,1,55.35,34.31,,,,,,
accordance,298,1,54.92,31.03,,,,,,
parliamentary,299,1,53.58,22.81,,,,,,
vertical,300,1,55,31.6,,,,,,
reinforce,301,1,55.49,35.37,,,,,,
franchise,302,1,55.34,34.19,,,,,,
purchaser,303,1,54.72,29.66,,,,,,
activist,304,1,54.48,28.06,,,,,,
node,305,1,54.1,25.68,,,,,,
consultancy,306,1,54.74,29.77,,,,,,
classification,307,1,54.69,29.47,,,,,,
utilize,308,1,54.44,27.78,,,,,,
methodology,309,1,54.33,27.1,,,,,,
applicant,310,1,55.4,34.65,,,,,,
upward,311,1,55.35,34.28,,,,,,
charter,312,1,55.39,34.62,,,,,,
separately,313,1,55.24,33.4,,,,,,
vulnerable,314,1,55.03,31.87,,,,,,
dominant,315,1,55.39,34.62,,,,,,
citation,316,1,53.96,24.86,,,,,,
subscription,317,1,55.32,34.08,,,,,,
lessee,318,1,53.83,24.18,,,,,,
downturn,319,1,55,31.62,,,,,,
communist,320,1,54.08,25.56,,,,,,
bust,321,1,54.32,27.03,,,,,,
specification,322,1,54.87,30.71,,,,,,
execution,323,1,55.18,32.98,,,,,,
disposal,324,1,54.97,31.39,,,,,,
inspection,325,1,55.27,33.69,,,,,,
sensitivity,326,1,54.79,30.14,,,,,,
rally,327,1,54.66,29.27,,,,,,
intangible,328,1,54.39,27.49,,,,,,
successor,329,1,54.54,28.48,,,,,,
exempt,330,1,54.87,30.71,,,,,,
globalization,331,1,54.48,28.03,,,,,,
violate,332,1,54.74,29.76,,,,,,
elasticity,333,1,54.23,26.46,,,,,,
weaken,334,1,54.84,30.46,,,,,,
accrue,335,1,54.73,29.69,,,,,,
deduct,336,1,54.68,29.36,,,,,,
reluctant,337,1,54.77,29.97,,,,,,
supervisor,338,1,54.87,30.67,,,,,,
duplicate,339,1,53.92,24.69,,,,,,
interim,340,1,55.1,32.33,,,,,,
payout,341,1,54.17,26.13,,,,,,
suppress,342,1,53.96,24.91,,,,,,
expire,343,1,54.89,30.82,,,,,,
electoral,344,1,53.12,20.49,,,,,,
jurisdiction,345,1,54.95,31.26,,,,,,
ambition,346,1,53.91,24.61,,,,,,
systematic,347,1,54.76,29.9,,,,,,
outsider,348,1,54.39,27.48,,,,,,
prevail,349,1,55.15,32.7,,,,,,
virtual,350,1,54.91,30.96,,,,,,
defect,351,1,54.81,30.24,,,,,,
partial,352,1,54.94,31.18,,,,,,
observer,353,1,54.65,29.2,,,,,,
copyright,354,1,54.79,30.13,,,,,,
ethics,355,1,54.38,27.43,,,,,,
algorithm,356,1,54.12,25.85,,,,,,
horizon,357,1,54.75,29.85,,,,,,
popularity,358,1,54.76,29.9,,,,,,
quantitative,359,1,54.32,27.06,,,,,,
desirable,360,1,54.9,30.93,,,,,,
eligible,361,1,54.07,25.51,,,,,,
counterpart,362,1,54.75,29.88,,,,,,
diminish,363,1,54.92,31.07,,,,,,
collective,364,1,54.9,30.94,,,,,,
precede,365,1,54.78,30.08,,,,,,
simplify,366,1,54.82,30.35,,,,,,
repayment,367,1,54.6,28.84,,,,,,
offshore,368,1,54.9,30.87,,,,,,
marketplace,369,1,54.47,28.02,,,,,,
hardware,370,1,54.96,31.34,,,,,,
comparable,371,1,54.76,29.93,,,,,,
ongoing,372,1,54.3,26.9,,,,,,
automobile,373,1,53.88,24.45,,,,,,
proxy,374,1,54.7,29.48,,,,,,
politically,375,1,53.98,24.98,,,,,,
generous,376,1,54.46,27.91,,,,,,
municipal,377,1,54.1,25.69,,,,,,
hostile,378,1,54.58,28.72,,,,,,
tonne,379,1,54.44,27.8,,,,,,
distributor,380,1,54.55,28.53,,,,,,
merit,381,1,54.88,30.73,,,,,,
periodic,382,1,53.95,24.86,,,,,,
barrel,383,1,54.54,28.45,,,,,,
accelerate,384,1,54.83,30.4,,,,,,
transmit,385,1,54.7,29.52,,,,,,
efficiently,386,1,54.75,29.83,,,,,,
designate,387,1,54.52,28.33,,,,,,
consistently,388,1,54.72,29.67,,,,,,
mandate,389,1,54.58,28.71,,,,,,
merchant,390,1,54.6,28.87,,,,,,
developer,391,1,54.74,29.8,,,,,,
delegate,392,1,54.55,28.48,,,,,,
supermarket,393,1,54.76,29.89,,,,,,
donor,394,1,53.99,25.04,,,,,,
gamble,395,1,54.46,27.92,,,,,,
norm,396,1,54.67,29.3,,,,,,
informal,397,1,54.71,29.56,,,,,,
deduction,398,1,53.96,24.88,,,,,,
tighten,399,1,54.2,26.29,,,,,,
amend,400,1,54.68,29.4,,,,,,
squeeze,401,1,54.08,25.61,,,,,,
expiration,402,1,52.89,19.45,,,,,,
appraisal,403,1,54.23,26.51,,,,,,
optimistic,404,1,54.67,29.31,,,,,,
reliability,405,1,54.35,27.25,,,,,,
ultimate,406,1,54.77,30.02,,,,,,
neutral,407,1,54.54,28.46,,,,,,
axis,408,1,54.34,27.16,,,,,,
upgrade,409,1,54.65,29.16,,,,,,
traditionally,410,1,54.68,29.36,,,,,,
exit,411,1,54.64,29.08,,,,,,
fare,412,1,54.64,29.12,,,,,,
scrap,413,1,54.45,27.83,,,,,,
petrol,414,1,53.83,24.18,,,,,,
uncertain,415,1,54.72,29.65,,,,,,
identification,416,1,54.35,27.23,,,,,,
pipeline,417,1,54.37,27.34,,,,,,
manual,418,1,54.47,28.02,,,,,,
suicide,419,1,52.78,18.98,,,,,,
terror,420,1,52.29,16.93,,,,,,
quota,421,1,54.55,28.51,,,,,,
workplace,422,1,54.43,27.74,,,,,,
mislead,423,1,54.61,28.9,,,,,,
trustee,424,1,54.17,26.13,,,,,,
attorney,425,1,53.93,24.72,,,,,,
domain,426,1,53.78,23.9,,,,,,
frontier,427,1,54.44,27.8,,,,,,
seize,428,1,53.9,24.57,,,,,,
beneficiary,429,1,54.24,26.56,,,,,,
comparative,430,1,54.17,26.1,,,,,,
capitalism,431,1,54.18,26.19,,,,,,
strictly,432,1,54.49,28.15,,,,,,
readily,433,1,54.55,28.51,,,,,,
fraction,434,1,54.48,28.08,,,,,,
ambitious,435,1,53.62,23,,,,,,
wireless,436,1,53.99,25.08,,,,,,
solely,437,1,54.22,26.42,,,,,,
capitalization,438,1,54.17,26.15,,,,,,
signature,439,1,54.49,28.14,,,,,,
pioneer,440,1,54.4,27.54,,,,,,
diplomat,441,1,51.97,15.76,,,,,,
oversee,442,1,54.37,27.34,,,,,,
endorse,443,1,54.32,27.04,,,,,,
cheque,444,1,53.72,23.55,,,,,,
landlord,445,1,53.95,24.82,,,,,,
trademark,446,1,53.56,22.71,,,,,,
intent,447,1,54.41,27.58,,,,,,
auto,448,1,53.43,22.02,,,,,,
lessor,449,1,53.23,21.04,,,,,,
assurance,450,1,54.29,26.87,,,,,,
yen,451,1,54.51,28.26,,,,,,
affiliate,452,1,53.73,23.58,,,,,,
statutory,453,1,53.72,23.55,,,,,,
consent,454,1,54.34,27.14,,,,,,
excessive,455,1,54.52,28.3,,,,,,
assemble,456,1,54.42,27.69,,,,,,
renew,457,1,54.36,27.3,,,,,,
exporter,458,1,54.34,27.19,,,,,,
cumulative,459,1,53.83,24.17,,,,,,
prosecutor,460,1,52.42,17.44,,,,,,
absorb,461,1,54.45,27.86,,,,,,
projection,462,1,54.26,26.65,,,,,,
slump,463,1,53.85,24.28,,,,,,
lag,464,1,54.45,27.86,,,,,,
volatile,465,1,54.23,26.47,,,,,,
enforcement,466,1,54.43,27.75,,,,,,
sack,467,1,53.13,20.54,,,,,,
enthusiasm,468,1,53.85,24.25,,,,,,
bulk,469,1,54.36,27.3,,,,,,
initiate,470,1,54.14,25.96,,,,,,
calculator,471,1,53.32,21.47,,,,,,
obstacle,472,1,54.13,25.9,,,,,,
render,473,1,54.33,27.13,,,,,,
coup,474,1,52.17,16.48,,,,,,
bundle,475,1,54.09,25.67,,,,,,
unexpected,476,1,54.37,27.38,,,,,,
departure,477,1,54.04,25.34,,,,,,
issuance,478,1,53.64,23.13,,,,,,
capitalist,479,1,54.28,26.79,,,,,,
capitalize,480,1,54.03,25.28,,,,,,
contractual,481,1,53.79,23.93,,,,,,
differential,482,1,53.93,24.7,,,,,,
amortization,483,1,52.82,19.14,,,,,,
unfair,484,1,54.2,26.28,,,,,,
terminate,485,1,53.79,23.93,,,,,,
advisor,486,1,51.91,15.53,,,,,,
inter,487,1,54.15,26,,,,,,
induce,488,1,54.21,26.38,,,,,,
elite,489,1,53.19,20.83,,,,,,
coordinate,490,1,53.63,23.08,,,,,,
nationalist,491,1,51.91,15.51,,,,,,
willingness,492,1,54.28,26.8,,,,,,
tempt,493,1,53.94,24.79,,,,,,
simultaneously,494,1,54.19,26.21,,,,,,
broadly,495,1,54.14,25.96,,,,,,
demographic,496,1,54.07,25.54,,,,,,
prominent,497,1,53.92,24.65,,,,,,
prospective,498,1,54.11,25.76,,,,,,
conglomerate,499,1,53.96,24.87,,,,,,
contrary,500,1,54.23,26.49,,,,,,
sustainable,501,1,54.1,25.68,,,,,,
stimulus,502,1,54.07,25.52,,,,,,
actively,503,1,54.1,25.68,,,,,,
credibility,504,1,54.14,25.92,,,,,,
simulation,505,1,53.36,21.68,,,,,,
senator,506,1,51.64,14.6,,,,,,
adoption,507,1,54.13,25.88,,,,,,
flaw,508,1,53.77,23.84,,,,,,
standardize,509,1,53.79,23.92,,,,,,
outlook,510,1,53.77,23.85,,,,,,
consolidation,511,1,54.19,26.22,,,,,,
opt,512,1,54.07,25.53,,,,,,
sensible,513,1,53.73,23.59,,,,,,
headline,514,1,53.97,24.92,,,,,,
exemption,515,1,53.69,23.36,,,,,,
deploy,516,1,53.81,24.07,,,,,,
macroeconomic,517,1,54.05,25.38,,,,,,
concession,518,1,53.71,23.52,,,,,,
rumor,519,1,53.38,21.8,,,,,,
contingent,520,1,53.83,24.16,,,,,,
diverse,521,1,54.03,25.31,,,,,,
occupation,522,1,54.01,25.16,,,,,,
privately,523,1,54.07,25.5,,,,,,
guerrilla,524,1,52.03,15.96,,,,,,
pharmaceutical,525,1,54.12,25.8,,,,,,
administer,526,1,54.08,25.61,,,,,,
automate,527,1,53.79,23.91,,,,,,
repurchase,528,1,52.93,19.62,,,,,,
denote,529,1,53.3,21.37,,,,,,
inequality,530,1,54.01,25.18,,,,,,
plunge,531,1,53.53,22.53,,,,,,
intensive,532,1,54.11,25.77,,,,,,
nonetheless,533,1,53.85,24.25,,,,,,
fax,534,1,54.03,25.29,,,,,,
overview,535,1,54,25.14,,,,,,
correctly,536,1,53.94,24.79,,,,,,
horizontal,537,1,53.29,21.32,,,,,,
legally,538,1,54.05,25.41,,,,,,
installment,539,1,53.63,23.09,,,,,,
empirical,540,1,53.54,22.6,,,,,,
revive,541,1,52.82,19.14,,,,,,
engagement,542,1,53.8,24.01,,,,,,
inevitable,543,1,53.68,23.32,,,,,,
array,544,1,53.6,22.93,,,,,,
ballot,545,1,52.97,19.81,,,,,,
treasury,546,1,53.85,24.29,,,,,,
intermediary,547,1,53.79,23.94,,,,,,
reproduce,548,1,53.7,23.46,,,,,,
boast,549,1,53,19.95,,,,,,
militant,550,1,51.51,14.17,,,,,,
discourage,551,1,53.9,24.52,,,,,,
hierarchy,552,1,53.84,24.22,,,,,,
shortly,553,1,53.84,24.21,,,,,,
fate,554,1,52.85,19.27,,,,,,
widen,555,1,53.69,23.37,,,,,,
realistic,556,1,53.95,24.84,,,,,,
terminal,557,1,53.93,24.71,,,,,,
transformation,558,1,53.85,24.28,,,,,,
qualitative,559,1,53.04,20.14,,,,,,
deadline,560,1,53.91,24.58,,,,,,
gang,561,1,53.05,20.18,,,,,,
tag,562,1,53.76,23.79,,,,,,
automatic,563,1,53.77,23.84,,,,,,
oblige,564,1,53.39,21.84,,,,,,
curb,565,1,53.06,20.22,,,,,,
outlet,566,1,53.87,24.36,,,,,,
robust,567,1,53.62,23.02,,,,,,
brokerage,568,1,52.8,19.07,,,,,,
verify,569,1,53.35,21.63,,,,,,
accurately,570,1,53.65,23.19,,,,,,
tolerance,571,1,53.42,21.97,,,,,,
devise,572,1,53.74,23.67,,,,,,
speculation,573,1,53.81,24.06,,,,,,
inspector,574,1,53.26,21.19,,,,,,
incremental,575,1,53.21,20.93,,,,,,
fighter,576,1,52.17,16.46,,,,,,
subsidize,577,1,53.6,22.92,,,,,,
grip,578,1,52.83,19.19,,,,,,
mathematical,579,1,53.44,22.07,,,,,,
assert,580,1,53.82,24.08,,,,,,
underwrite,581,1,53.67,23.29,,,,,,
differentiate,582,2,53.51,22.43,,,,,,
correlate,583,2,53.28,21.29,,,,,,
compel,584,2,53.82,24.08,,,,,,
destination,585,2,53.87,24.38,,,,,,
agriculture,586,2,53.55,22.66,,,,,,
transmission,587,2,53.75,23.72,,,,,,
multiplier,588,2,53.01,20.02,,,,,,
slowdown,589,2,53.27,21.23,,,,,,
adverse,590,2,53.55,22.63,,,,,,
suspicion,591,2,52.61,18.24,,,,,,
virtue,592,2,53.62,23,,,,,,
flee,593,2,51.97,15.73,,,,,,
bureaucracy,594,2,53.38,21.76,,,,,,
threshold,595,2,53.64,23.14,,,,,,
timely,596,2,53.15,20.67,,,,,,
wholesale,597,2,53.78,23.88,,,,,,
legitimate,598,2,53.78,23.86,,,,,,
privacy,599,2,53.5,22.41,,,,,,
behavioral,600,2,53.34,21.57,,,,,,
tangible,601,2,53.42,21.96,,,,,,
dump,602,2,53.51,22.45,,,,,,
documentation,603,2,53.2,20.91,,,,,,
poorly,604,2,53.59,22.86,,,,,,
unemployed,605,2,53.27,21.23,,,,,,
discharge,606,2,53.23,21.04,,,,,,
explicit,607,2,53.69,23.37,,,,,,
breakdown,608,2,53.63,23.06,,,,,,
span,609,2,53.64,23.12,,,,,,
bail,610,2,52.86,19.33,,,,,,
incumbent,611,2,53.03,20.1,,,,,,
influential,612,2,53.58,22.81,,,,,,
appreciation,613,2,53.44,22.07,,,,,,
outflow,614,2,52.93,19.64,,,,,,
albeit,615,2,53.02,20.03,,,,,,
tricky,616,2,52.74,18.78,,,,,,
spokesman,617,2,52.65,18.43,,,,,,
correction,618,2,53.31,21.41,,,,,,
contingency,619,2,53.13,20.56,,,,,,
formally,620,2,53.54,22.62,,,,,,
recipient,621,2,53.66,23.23,,,,,,
subtract,622,2,52.8,19.04,,,,,,
surrender,623,2,53.17,20.74,,,,,,
judicial,624,2,53.41,21.92,,,,,,
certainty,625,2,53.63,23.05,,,,,,
mainstream,626,2,53.21,20.94,,,,,,
administrator,627,2,53.36,21.67,,,,,,
logical,628,2,53.55,22.67,,,,,,
rebuild,629,2,53.1,20.43,,,,,,
corrupt,630,2,52.17,16.48,,,,,,
integrity,631,2,53.56,22.71,,,,,,
proposition,632,2,53.53,22.52,,,,,,
litigation,633,2,53.63,23.07,,,,,,
amid,634,2,52.58,18.13,,,,,,
generic,635,2,53.39,21.8,,,,,,
bold,636,2,53.09,20.39,,,,,,
questionnaire,637,2,53.05,20.17,,,,,,
shipment,638,2,53.37,21.75,,,,,,
straightforward,639,2,53.54,22.61,,,,,,
handful,640,2,52.9,19.51,,,,,,
loyal,641,2,53.41,21.95,,,,,,
layout,642,2,53.05,20.2,,,,,,
unchanged,643,2,53.56,22.71,,,,,,
queue,644,2,53.34,21.55,,,,,,
bidder,645,2,53.38,21.78,,,,,,
respective,646,2,53.26,21.17,,,,,,
deliverable,647,2,51.64,14.58,,,,,,
textbook,648,2,53.09,20.36,,,,,,
depict,649,2,53.4,21.85,,,,,,
odds,650,2,53.39,21.81,,,,,,
subscriber,651,2,53.36,21.66,,,,,,
lifetime,652,2,53.51,22.44,,,,,,
allegation,653,2,52.7,18.64,,,,,,
redemption,654,2,53.01,19.98,,,,,,
downward,655,2,53.32,21.48,,,,,,
grid,656,2,53.47,22.26,,,,,,
newsletter,657,2,53.31,21.43,,,,,,
meaningful,658,2,53.1,20.43,,,,,,
depreciate,659,2,52.77,18.93,,,,,,
interface,660,2,53.26,21.17,,,,,,
digit,661,2,53.18,20.79,,,,,,
convenient,662,2,53.43,22.01,,,,,,
jet,663,2,53.07,20.28,,,,,,
hybrid,664,2,53.24,21.07,,,,,,
foster,665,2,53.4,21.89,,,,,,
provoke,666,2,52.5,17.79,,,,,,
inevitably,667,2,53.04,20.11,,,,,,
shopper,668,2,53.36,21.68,,,,,,
dilemma,669,2,53.3,21.38,,,,,,
invention,670,2,53.43,22.02,,,,,,
info,671,2,50.51,11.25,,,,,,
calendar,672,2,53,19.95,,,,,,
secular,673,2,51.91,15.52,,,,,,
cease,674,2,53.37,21.71,,,,,,
distress,675,2,53.36,21.66,,,,,,
withhold,676,2,53.35,21.62,,,,,,
sterling,677,2,51.74,14.94,,,,,,
legacy,678,2,52.83,19.2,,,,,,
thrive,679,2,53.05,20.18,,,,,,
autonomy,680,2,53.16,20.72,,,,,,
commander,681,2,51.55,14.28,,,,,,
toll,682,2,53.1,20.4,,,,,,
accountability,683,2,53.35,21.64,,,,,,
incorporation,684,2,52.3,16.97,,,,,,
equip,685,2,53.3,21.4,,,,,,
batch,686,2,53.2,20.89,,,,,,
essence,687,2,53.42,21.98,,,,,,
prescription,688,2,53.08,20.31,,,,,,
convenience,689,2,53.27,21.23,,,,,,
termination,690,2,52.71,18.67,,,,,,
invasion,691,2,52.31,17.03,,,,,,
bondholder,692,2,52.77,18.91,,,,,,
unveil,693,2,52.46,17.63,,,,,,
intrinsic,694,2,52.43,17.48,,,,,,
continent,695,2,52.34,17.14,,,,,,
translation,696,2,53.05,20.2,,,,,,
computation,697,2,52.31,17.02,,,,,,
diplomatic,698,2,51.35,13.64,,,,,,
advisory,699,2,52.4,17.39,,,,,,
battery,700,2,53.19,20.85,,,,,,
modification,701,2,53.08,20.33,,,,,,
convey,702,2,53.2,20.9,,,,,,
customize,703,2,52.69,18.58,,,,,,
ingredient,704,2,53.36,21.7,,,,,,
formerly,705,2,53.26,21.2,,,,,,
optimization,706,2,51.9,15.49,,,,,,
ton,707,2,53.07,20.29,,,,,,
recycle,708,2,53.21,20.95,,,,,,
spectrum,709,2,53.05,20.18,,,,,,
tuple,710,2,49.76,9.47,,,,,,
magnitude,711,2,52.74,18.77,,,,,,
theft,712,2,53.12,20.49,,,,,,
quit,713,2,52.83,19.19,,,,,,
validity,714,2,52.86,19.33,,,,,,
interact,715,2,52.98,19.88,,,,,,
gallon,716,2,52.93,19.65,,,,,,
considerably,717,2,53.14,20.58,,,,,,
intervene,718,2,53.02,20.04,,,,,,
repertoire,719,2,48.26,6.7,,,,,,
halt,720,2,52.61,18.25,,,,,,
niche,721,2,53.24,21.08,,,,,,
shed,722,2,52.89,19.44,,,,,,
motive,723,2,53.2,20.91,,,,,,
whereby,724,2,53.09,20.36,,,,,,
median,725,2,52.92,19.57,,,,,,
wholly,726,2,53.17,20.73,,,,,,
supposedly,727,2,52.08,16.16,,,,,,
crude,728,2,53.08,20.35,,,,,,
commissioner,729,2,52.26,16.84,,,,,,
sufficiently,730,2,53.08,20.3,,,,,,
protocol,731,2,52.94,19.7,,,,,,
constrain,732,2,53.21,20.95,,,,,,
installation,733,2,53.06,20.23,,,,,,
publicity,734,2,52.87,19.36,,,,,,
blank,735,2,52.59,18.14,,,,,,
embed,736,2,52.73,18.75,,,,,,
legislature,737,2,52.27,16.86,,,,,,
steer,738,2,53.15,20.66,,,,,,
beneficial,739,2,52.97,19.81,,,,,,
punish,740,2,52.69,18.57,,,,,,
predictable,741,2,53.2,20.88,,,,,,
liquidation,742,2,52.76,18.88,,,,,,
chaos,743,2,52.54,17.93,,,,,,
tailor,744,2,53.03,20.11,,,,,,
impairment,745,2,51.69,14.74,,,,,,
harvest,746,2,52.99,19.9,,,,,,
insert,747,2,52.97,19.83,,,,,,
residential,748,2,52.82,19.14,,,,,,
electrical,749,2,53.05,20.19,,,,,,
fluctuate,750,2,52.63,18.31,,,,,,
migrant,751,2,51.2,13.17,,,,,,
objection,752,2,52.76,18.88,,,,,,
macroeconomics,753,2,51.65,14.63,,,,,,
accommodate,754,2,53.13,20.55,,,,,,
preliminary,755,2,53.07,20.27,,,,,,
refund,756,2,52.56,18.03,,,,,,
accrual,757,2,52.32,17.05,,,,,,
confront,758,2,52.97,19.8,,,,,,
punishment,759,2,52.96,19.78,,,,,,
passive,760,2,52.73,18.73,,,,,,
conditional,761,2,52.64,18.38,,,,,,
orientation,762,2,52.48,17.7,,,,,,
dispose,763,2,52.93,19.62,,,,,,
scrutiny,764,2,52.78,18.99,,,,,,
accordingly,765,2,52.87,19.35,,,,,,
exile,766,2,50.67,11.66,,,,,,
prescribe,767,2,52.91,19.54,,,,,,
inherent,768,2,52.73,18.74,,,,,,
explicitly,769,2,53.01,20.02,,,,,,
clever,770,2,52.28,16.89,,,,,,
steadily,771,2,52.99,19.9,,,,,,
payback,772,2,51.48,14.04,,,,,,
sacrifice,773,2,53.05,20.17,,,,,,
semi,774,2,52.97,19.81,,,,,,
feasible,775,2,52.83,19.2,,,,,,
conviction,776,2,52.65,18.39,,,,,,
continuously,777,2,52.67,18.48,,,,,,
junk,778,2,53,19.97,,,,,,
leak,779,2,52.47,17.67,,,,,,
tier,780,2,52.97,19.8,,,,,,
transparency,781,2,52.77,18.92,,,,,,
inadequate,782,2,52.99,19.89,,,,,,
acre,783,2,52.94,19.68,,,,,,
levy,784,2,52.88,19.39,,,,,,
freely,785,2,52.97,19.83,,,,,,
reliance,786,2,53,19.95,,,,,,
covenant,787,2,52.62,18.29,,,,,,
officially,788,2,52.4,17.38,,,,,,
prosecute,789,2,52.49,17.75,,,,,,
materially,790,2,51.92,15.56,,,,,,
convict,791,2,51.95,15.68,,,,,,
procurement,792,2,52.75,18.85,,,,,,
clash,793,2,51.81,15.18,,,,,,
deter,794,2,52.72,18.71,,,,,,
prosecution,795,2,52.44,17.53,,,,,,
nasty,796,2,51.45,13.96,,,,,,
condemn,797,2,51.86,15.35,,,,,,
frustrate,798,2,52.74,18.78,,,,,,
operative,799,2,51.98,15.77,,,,,,
privatize,800,2,52.29,16.96,,,,,,
endure,801,2,52.45,17.56,,,,,,
doctrine,802,2,52.84,19.22,,,,,,
distort,803,2,52.9,19.49,,,,,,
triple,804,2,52.77,18.94,,,,,,
textile,805,2,52.67,18.51,,,,,,
dislike,806,2,52.33,17.11,,,,,,
manipulate,807,2,52.95,19.72,,,,,,
unity,808,2,52.45,17.58,,,,,,
alpha,809,2,51.37,13.72,,,,,,
refine,810,2,52.92,19.6,,,,,,
implicit,811,2,52.78,18.98,,,,,,
deflation,812,2,52.4,17.39,,,,,,
antitrust,813,2,52.67,18.49,,,,,,
practitioner,814,2,52.67,18.51,,,,,,
prosperity,815,2,52.59,18.16,,,,,,
riot,816,2,51.39,13.79,,,,,,
cater,817,2,52.16,16.44,,,,,,
container,818,2,52.89,19.44,,,,,,
drill,819,2,52.87,19.38,,,,,,
align,820,2,52.43,17.5,,,,,,
reinvest,821,2,51.97,15.76,,,,,,
remainder,822,2,52.62,18.29,,,,,,
provincial,823,2,51.86,15.34,,,,,,
puzzle,824,2,52.79,18.99,,,,,,
alert,825,2,52.65,18.39,,,,,,
concede,826,2,51.89,15.46,,,,,,
advertiser,827,2,52.89,19.46,,,,,,
planner,828,2,52.84,19.24,,,,,,
alike,829,2,52.75,18.82,,,,,,
controversy,830,2,52.78,18.98,,,,,,
unusually,831,2,52.18,16.51,,,,,,
fierce,832,2,51.71,14.83,,,,,,
veto,833,2,51.7,14.78,,,,,,
instant,834,2,52.88,19.42,,,,,,
ceasefire,835,2,50,10,,,,,,
handset,836,2,51.69,14.75,,,,,,
sentiment,837,2,52.33,17.12,,,,,,
vest,838,2,52.74,18.79,,,,,,
beef,839,2,52.72,18.7,,,,,,
economically,840,2,52.83,19.2,,,,,,
combat,841,2,52.56,18.05,,,,,,
parity,842,2,52.47,17.66,,,,,,
notify,843,2,52.38,17.31,,,,,,
centralize,844,2,52.83,19.2,,,,,,
sovereign,845,2,52.64,18.36,,,,,,
estimation,846,2,51.82,15.22,,,,,,
clarify,847,2,52.7,18.63,,,,,,
basket,848,2,52.64,18.35,,,,,,
lucrative,849,2,52.36,17.21,,,,,,
stabilize,850,2,52.77,18.93,,,,,,
repeatedly,851,2,52.45,17.56,,,,,,
molecule,852,2,51.78,15.05,,,,,,
variability,853,2,51.66,14.65,,,,,,
strive,854,2,52.74,18.8,,,,,,
cure,855,2,52.67,18.5,,,,,,
creativity,856,2,52.48,17.72,,,,,,
bribe,857,2,51.81,15.16,,,,,,
evident,858,2,52.8,19.05,,,,,,
caution,859,2,52.74,18.78,,,,,,
reservation,860,2,52.46,17.61,,,,,,
militia,861,2,49.2,8.32,,,,,,
wisdom,862,2,52.62,18.27,,,,,,
enact,863,2,52.61,18.24,,,,,,
controller,864,2,52.58,18.12,,,,,,
bankrupt,865,2,52.69,18.58,,,,,,
shield,866,2,52.39,17.34,,,,,,
pact,867,2,50.91,12.32,,,,,,
discretion,868,2,52.6,18.22,,,,,,
cautious,869,2,52.47,17.66,,,,,,
supervision,870,2,52.66,18.43,,,,,,
leisure,871,2,52.22,16.68,,,,,,
dictate,872,2,52.72,18.71,,,,,,
purely,873,2,52.66,18.46,,,,,,
substitution,874,2,51.96,15.71,,,,,,
pursuit,875,2,52.61,18.24,,,,,,
minimal,876,2,52.54,17.97,,,,,,
eager,877,2,52.11,16.25,,,,,,
seasonal,878,2,52.47,17.65,,,,,,
vector,879,2,51.56,14.32,,,,,,
institute,880,2,52.68,18.56,,,,,,
endowment,881,2,52.61,18.22,,,,,,
suburb,882,2,51.18,13.13,,,,,,
disability,883,2,52.09,16.18,,,,,,
governmental,884,2,52.53,17.92,,,,,,
inefficient,885,2,52.7,18.62,,,,,,
partially,886,2,52.58,18.12,,,,,,
competence,887,2,52.58,18.11,,,,,,
closure,888,2,52.42,17.47,,,,,,
slash,889,2,52.09,16.2,,,,,,
overlook,890,2,52.64,18.38,,,,,,
logistics,891,2,52.33,17.11,,,,,,
scarce,892,2,52.62,18.28,,,,,,
fleet,893,2,52.49,17.75,,,,,,
restraint,894,2,52.11,16.27,,,,,,
follower,895,2,52.38,17.31,,,,,,
torture,896,2,50.24,10.56,,,,,,
crunch,897,2,51.84,15.28,,,,,,
certify,898,2,52.4,17.36,,,,,,
receiver,899,2,52.37,17.27,,,,,,
collaboration,900,2,52.59,18.14,,,,,,
logo,901,2,52.16,16.43,,,,,,
overlap,902,2,52.61,18.23,,,,,,
resume,903,2,52.17,16.48,,,,,,
encyclopedia,904,2,50.27,10.65,,,,,,
lump,905,2,52.49,17.74,,,,,,
momentum,906,2,52.42,17.44,,,,,,
probe,907,2,52.51,17.84,,,,,,
aversion,908,2,51.63,14.57,,,,,,
reconcile,909,2,52.53,17.92,,,,,,
indirectly,910,2,52.54,17.94,,,,,,
mandatory,911,2,52.52,17.87,,,,,,
yuan,912,2,51.51,14.15,,,,,,
namely,913,2,52.42,17.46,,,,,,
liberty,914,2,51.85,15.31,,,,,,
temporarily,915,2,52.56,18.02,,,,,,
decent,916,2,52.02,15.91,,,,,,
reassure,917,2,51.81,15.17,,,,,,
appetite,918,2,52.02,15.93,,,,,,
tobacco,919,2,52.44,17.53,,,,,,
unpopular,920,2,51.23,13.27,,,,,,
confine,921,2,52.31,17.02,,,,,,
consultation,922,2,52.14,16.37,,,,,,
quantify,923,2,52.16,16.45,,,,,,
recruitment,924,2,51.97,15.75,,,,,,
ceiling,925,2,52.46,17.64,,,,,,
persist,926,2,52.44,17.53,,,,,,
gauge,927,2,52.46,17.61,,,,,,
plug,928,2,52.29,16.96,,,,,,
corn,929,2,52.26,16.83,,,,,,
skeptical,930,2,51.8,15.13,,,,,,
legislative,931,2,52.41,17.42,,,,,,
independently,932,2,52.37,17.25,,,,,,
junior,933,2,52.3,16.99,,,,,,
negligence,934,2,51.72,14.85,,,,,,
architect,935,2,52.16,16.45,,,,,,
determinant,936,2,52.01,15.89,,,,,,
redeem,937,2,51.97,15.74,,,,,,
tribunal,938,2,51.4,13.79,,,,,,
probable,939,2,52.35,17.2,,,,,,
chunk,940,2,51.72,14.86,,,,,,
proprietary,941,2,52.02,15.92,,,,,,
icon,942,2,51.96,15.7,,,,,,
intermediate,943,2,52.13,16.31,,,,,,
steep,944,2,52.44,17.55,,,,,,
conform,945,2,52.15,16.42,,,,,,
acid,946,2,52.21,16.64,,,,,,
safeguard,947,2,52.37,17.26,,,,,,
loom,948,2,51.44,13.95,,,,,,
uranium,949,2,50.47,11.15,,,,,,
deductible,950,2,51.35,13.66,,,,,,
postpone,951,2,52.1,16.22,,,,,,
conceptual,952,2,51.71,14.83,,,,,,
assault,953,2,51.43,13.91,,,,,,
optimism,954,2,52.16,16.43,,,,,,
painful,955,2,51.54,14.27,,,,,,
ruler,956,2,50.87,12.22,,,,,,
faction,957,2,50.87,12.21,,,,,,
null,958,2,50.52,11.28,,,,,,
forge,959,2,52.17,16.47,,,,,,
freight,960,2,52.31,17.03,,,,,,
rig,961,2,51.73,14.89,,,,,,
accountable,962,2,52.39,17.33,,,,,,
super,963,2,52.23,16.7,,,,,,
abolish,964,2,51.7,14.81,,,,,,
predetermine,965,2,51.48,14.06,,,,,,
inherit,966,2,52.08,16.16,,,,,,
forum,967,2,52.3,16.99,,,,,,
supervise,968,2,52.37,17.25,,,,,,
overnight,969,2,52.3,16.99,,,,,,
revision,970,2,52.24,16.75,,,,,,
analytical,971,2,51.75,14.95,,,,,,
congressional,972,2,50.72,11.81,,,,,,
spy,973,2,50.48,11.17,,,,,,
necessity,974,2,52.33,17.09,,,,,,
fiber,975,2,52.2,16.58,,,,,,
stall,976,2,51.66,14.67,,,,,,
exclusively,977,2,52.21,16.65,,,,,,
await,978,2,51.91,15.54,,,,,,
lure,979,2,51.6,14.44,,,,,,
desperate,980,2,51.28,13.42,,,,,,
populist,981,2,49.64,9.21,,,,,,
unnecessary,982,2,52.35,17.16,,,,,,
similarity,983,2,52.22,16.68,,,,,,
contemplate,984,2,52.37,17.25,,,,,,
socially,985,2,52.35,17.18,,,,,,
admission,986,2,52.23,16.72,,,,,,
raid,987,2,50.88,12.25,,,,,,
diplomacy,988,2,50.22,10.51,,,,,,
liquidate,989,2,51.83,15.24,,,,,,
lifestyle,990,2,52.28,16.89,,,,,,
rocket,991,2,51.09,12.87,,,,,,
debenture,992,2,51.39,13.78,,,,,,
collar,993,2,52.31,17.02,,,,,,
outperform,994,2,51.77,15.03,,,,,,
irrelevant,995,2,52.31,17.04,,,,,,
diamond,996,2,51.8,15.14,,,,,,
optimize,997,2,51.32,13.55,,,,,,
promotional,998,2,51.93,15.59,,,,,,
broadband,999,2,51.01,12.62,,,,,,
reactor,1000,2,51,12.6,,,,,,
traveler,1001,2,52.25,16.8,,,,,,
equality,1002,2,52.26,16.81,,,,,,
entail,1003,2,52.24,16.77,,,,,,
compile,1004,2,52.24,16.74,,,,,,
circulation,1005,2,52.12,16.28,,,,,,
petition,1006,2,52.09,16.18,,,,,,
attributable,1007,2,51.83,15.25,,,,,,
revolutionary,1008,2,51.85,15.32,,,,,,
carmaker,1009,2,49.91,9.79,,,,,,
discretionary,1010,2,52.06,16.06,,,,,,
reconciliation,1011,2,52.17,16.5,,,,,,
directive,1012,2,52.09,16.18,,,,,,
mutually,1013,2,51.89,15.47,,,,,,
viable,1014,2,52.23,16.73,,,,,,
subprime,1015,2,51.6,14.44,,,,,,
refusal,1016,2,52.06,16.05,,,,,,
outfit,1017,2,50.73,11.82,,,,,,
approximate,1018,2,51.48,14.05,,,,,,
geographic,1019,2,51.48,14.08,,,,,,
consortium,1020,2,51.6,14.46,,,,,,
speculative,1021,2,52.17,16.46,,,,,,
policeman,1022,2,50.32,10.77,,,,,,
historically,1023,2,52.19,16.55,,,,,,
resemble,1024,2,52.02,15.93,,,,,,
amortize,1025,2,50.8,12.01,,,,,,
exploration,1026,2,52.1,16.24,,,,,,
deliberately,1027,2,52.11,16.27,,,,,,
mill,1028,2,52.16,16.43,,,,,,
loser,1029,2,51.98,15.79,,,,,,
subjective,1030,2,51.8,15.13,,,,,,
builder,1031,2,51.78,15.07,,,,,,
mainland,1032,2,50.94,12.4,,,,,,
retreat,1033,2,51.44,13.94,,,,,,
peaceful,1034,2,50.73,11.83,,,,,,
importantly,1035,2,52.14,16.37,,,,,,
backward,1036,2,52.12,16.3,,,,,,
counterparty,1037,2,51.93,15.59,,,,,,
ambassador,1038,2,50.56,11.38,,,,,,
overwhelm,1039,2,52.06,16.06,,,,,,
consistency,1040,2,51.82,15.2,,,,,,
unprecedented,1041,2,51.69,14.75,,,,,,
declaration,1042,2,52.13,16.31,,,,,,
rebate,1043,2,51.79,15.11,,,,,,
retention,1044,2,51.75,14.95,,,,,,
harsh,1045,2,51.45,13.96,,,,,,
contend,1046,2,52.05,16.03,,,,,,
covariance,1047,2,51.11,12.9,,,,,,
jointly,1048,2,52.11,16.25,,,,,,
resignation,1049,2,51.38,13.73,,,,,,
promptly,1050,2,52.11,16.25,,,,,,
removal,1051,2,52.05,16.04,,,,,,
exclusion,1052,2,51.44,13.92,,,,,,
bomber,1053,2,49.84,9.64,,,,,,
occurrence,1054,2,51.4,13.79,,,,,,
exceptional,1055,2,51.86,15.36,,,,,,
viewer,1056,2,51.82,15.21,,,,,,
spur,1057,2,51.85,15.31,,,,,,
anniversary,1058,2,51.64,14.6,,,,,,
hazard,1059,2,52.08,16.15,,,,,,
packet,1060,2,51.88,15.42,,,,,,
omit,1061,2,51.77,15.03,,,,,,
prospectus,1062,2,51.1,12.88,,,,,,
conscious,1063,2,52.06,16.05,,,,,,
robot,1064,2,51.93,15.6,,,,,,
placement,1065,2,51.83,15.26,,,,,,
desktop,1066,2,51.72,14.85,,,,,,
telecommunication,1067,2,51.93,15.58,,,,,,
buffer,1068,2,51.78,15.06,,,,,,
attain,1069,2,51.76,15.01,,,,,,
infect,1070,2,51.02,12.64,,,,,,
formulate,1071,2,51.8,15.12,,,,,,
socialist,1072,2,51.55,14.3,,,,,,
browser,1073,2,51.09,12.85,,,,,,
cyclical,1074,2,52,15.85,,,,,,
exaggerate,1075,2,51.39,13.76,,,,,,
likewise,1076,2,52.05,16.04,,,,,,
cartel,1077,2,51.77,15.04,,,,,,
triumph,1078,2,50.47,11.13,,,,,,
rationale,1079,2,51.89,15.45,,,,,,
processor,1080,2,51.83,15.24,,,,,,
divert,1081,2,51.87,15.39,,,,,,
delegation,1082,2,51.86,15.34,,,,,,
arguably,1083,2,51.55,14.3,,,,,,
ordinate,1084,2,51.41,13.84,,,,,,
casualty,1085,2,51.66,14.67,,,,,,
verdict,1086,2,51.27,13.41,,,,,,
dot,1087,2,52.02,15.92,,,,,,
distinctive,1088,2,51.96,15.71,,,,,,
inflationary,1089,2,51.97,15.74,,,,,,
salesperson,1090,2,51.02,12.65,,,,,,
tort,1091,2,50.9,12.31,,,,,,
positively,1092,2,51.85,15.31,,,,,,
unlimited,1093,2,51.8,15.15,,,,,,
inflate,1094,2,51.76,15.01,,,,,,
constituency,1095,2,51.44,13.92,,,,,,
mineral,1096,2,51.91,15.53,,,,,,
explosion,1097,2,51.62,14.54,,,,,,
liberalization,1098,2,51.23,13.29,,,,,,
buyout,1099,2,51.72,14.86,,,,,,
separation,1100,2,51.91,15.53,,,,,,
memo,1101,2,51.92,15.54,,,,,,
dissolve,1102,2,51.84,15.27,,,,,,
donation,1103,2,51.75,14.97,,,,,,
remarkably,1104,2,51.36,13.67,,,,,,
internationally,1105,2,51.96,15.69,,,,,,
spark,1106,2,51.39,13.77,,,,,,
migration,1107,2,51.27,13.4,,,,,,
retrieve,1108,2,51.59,14.43,,,,,,
individually,1109,2,51.74,14.94,,,,,,
circuit,1110,2,51.96,15.69,,,,,,
dip,1111,2,51.7,14.79,,,,,,
certification,1112,2,51.44,13.92,,,,,,
slogan,1113,2,51.6,14.46,,,,,,
competitiveness,1114,2,51.85,15.31,,,,,,
inclusion,1115,2,51.62,14.51,,,,,,
copper,1116,2,51.62,14.51,,,,,,
poison,1117,2,51.36,13.68,,,,,,
justification,1118,2,51.92,15.57,,,,,,
outright,1119,2,51.69,14.75,,,,,,
stance,1120,2,51.54,14.26,,,,,,
fringe,1121,2,51.93,15.59,,,,,,
bitter,1122,2,50.76,11.92,,,,,,
wheat,1123,2,51.82,15.21,,,,,,
hostility,1124,2,50.77,11.94,,,,,,
enlargement,1125,2,50.65,11.62,,,,,,
hub,1126,2,51.5,14.12,,,,,,
trim,1127,2,51.64,14.59,,,,,,
lesser,1128,2,51.89,15.45,,,,,,
republic,1129,2,50.55,11.36,,,,,,
forthcoming,1130,2,51.65,14.62,,,,,,
accessible,1131,2,51.83,15.24,,,,,,
deteriorate,1132,2,51.86,15.34,,,,,,
denounce,1133,2,50.03,10.07,,,,,,
artificial,1134,2,51.85,15.31,,,,,,
trait,1135,2,51.61,14.48,,,,,,
workshop,1136,2,51.3,13.49,,,,,,
protester,1137,2,49.05,8.03,,,,,,
portray,1138,2,51.47,14.04,,,,,,
echo,1139,2,51.08,12.82,,,,,,
haul,1140,2,51.6,14.47,,,,,,
financially,1141,2,51.74,14.93,,,,,,
maximization,1142,2,50.7,11.75,,,,,,
bureaucrat,1143,2,50.31,10.74,,,,,,
afterward,1144,2,51.39,13.76,,,,,,
competency,1145,2,50.82,12.09,,,,,,
directory,1146,2,51.63,14.56,,,,,,
spouse,1147,2,51.48,14.07,,,,,,
dissolution,1148,2,50.76,11.92,,,,,,
distortion,1149,2,51.74,14.91,,,,,,
continually,1150,2,51.59,14.41,,,,,,
coordination,1151,2,51.18,13.12,,,,,,
subscribe,1152,2,51.4,13.8,,,,,,
renewal,1153,2,51.39,13.77,,,,,,
awkward,1154,2,50.72,11.81,,,,,,
slack,1155,2,51.48,14.05,,,,,,
celebrity,1156,2,51.08,12.82,,,,,,
drift,1157,2,51.64,14.59,,,,,,
vaccine,1158,2,50.4,10.97,,,,,,
insufficient,1159,2,51.64,14.6,,,,,,
particle,1160,2,51.17,13.1,,,,,,
flavor,1161,2,51.78,15.06,,,,,,
emergence,1162,2,51.71,14.84,,,,,,
interference,1163,3,51.66,14.66,,,,,,
indifference,1164,3,51.04,12.71,,,,,,
geographical,1165,3,51.66,14.64,,,,,,
voucher,1166,3,51.57,14.37,,,,,,
encompass,1167,3,51.62,14.52,,,,,,
proportional,1168,3,51.61,14.5,,,,,,
seminar,1169,3,51.29,13.45,,,,,,
uncover,1170,3,51.68,14.72,,,,,,
petty,1171,3,51.1,12.89,,,,,,
convergence,1172,3,51.71,14.81,,,,,,
worsen,1173,3,51.32,13.56,,,,,,
rejection,1174,3,51.72,14.86,,,,,,
reorganization,1175,3,51.56,14.32,,,,,,
mitigate,1176,3,51.32,13.55,,,,,,
successive,1177,3,51.68,14.71,,,,,,
blend,1178,3,51.66,14.65,,,,,,
performer,1179,3,51.65,14.63,,,,,,
simplicity,1180,3,51.62,14.51,,,,,,
static,1181,3,51.44,13.93,,,,,,
deregulation,1182,3,51.4,13.8,,,,,,
computerize,1183,3,51.35,13.65,,,,,,
succession,1184,3,51.45,13.97,,,,,,
royalty,1185,3,51.69,14.74,,,,,,
classroom,1186,3,51.6,14.45,,,,,,
spectacular,1187,3,51.17,13.09,,,,,,
macro,1188,3,51.03,12.66,,,,,,
flourish,1189,3,51.01,12.62,,,,,,
insurgent,1190,3,48.33,6.8,,,,,,
script,1191,3,51.6,14.44,,,,,,
relevance,1192,3,51.46,13.98,,,,,,
complement,1193,3,51.59,14.42,,,,,,
oral,1194,3,51.41,13.84,,,,,,
setup,1195,3,50.42,11.01,,,,,,
notable,1196,3,51.54,14.26,,,,,,
tranche,1197,3,51.4,13.81,,,,,,
numerical,1198,3,51.21,13.23,,,,,,
policymaker,1199,3,50.43,11.04,,,,,,
technically,1200,3,51.68,14.71,,,,,,
organ,1201,3,51.6,14.46,,,,,,
cheat,1202,3,51.53,14.21,,,,,,
utilization,1203,3,50.98,12.53,,,,,,
tumble,1204,3,50.92,12.37,,,,,,
baseline,1205,3,50.6,11.48,,,,,,
template,1206,3,50.59,11.46,,,,,,
cheer,1207,3,50.45,11.09,,,,,,
dependence,1208,3,51.66,14.66,,,,,,
instability,1209,3,51.57,14.35,,,,,,
obituary,1210,3,48.81,7.61,,,,,,
ray,1211,3,51.41,13.83,,,,,,
peso,1212,3,51.23,13.28,,,,,,
denominate,1213,3,51.25,13.35,,,,,,
shortfall,1214,3,51.62,14.52,,,,,,
durable,1215,3,51.42,13.86,,,,,,
countryside,1216,3,50.38,10.91,,,,,,
originate,1217,3,51.51,14.14,,,,,,
bureaucratic,1218,3,51.33,13.59,,,,,,
periodically,1219,3,51.15,13.02,,,,,,
campus,1220,3,51.26,13.36,,,,,,
stochastic,1221,3,50.54,11.32,,,,,,
kidnap,1222,3,49.38,8.67,,,,,,
prevention,1223,3,51.52,14.19,,,,,,
redundancy,1224,3,49.87,9.7,,,,,,
dictator,1225,3,49.63,9.18,,,,,,
dual,1226,3,51.62,14.52,,,,,,
brick,1227,3,51.6,14.45,,,,,,
internally,1228,3,51.49,14.08,,,,,,
unhappy,1229,3,51.09,12.86,,,,,,
erode,1230,3,51.51,14.14,,,,,,
refinance,1231,3,51.08,12.83,,,,,,
tribal,1232,3,49.36,8.63,,,,,,
empower,1233,3,51.46,14,,,,,,
oversight,1234,3,51.4,13.79,,,,,,
transparent,1235,3,51.37,13.72,,,,,,
predictor,1236,3,50.55,11.36,,,,,,
interfere,1237,3,51.56,14.31,,,,,,
dominance,1238,3,51.54,14.27,,,,,,
segmentation,1239,3,50.92,12.35,,,,,,
hugely,1240,3,50.23,10.54,,,,,,
arbitrary,1241,3,51.56,14.32,,,,,,
seemingly,1242,3,51.38,13.75,,,,,,
integral,1243,3,51.3,13.49,,,,,,
wholesaler,1244,3,51.23,13.26,,,,,,
renewable,1245,3,51.35,13.65,,,,,,
bilateral,1246,3,50.93,12.38,,,,,,
visa,1247,3,50.46,11.12,,,,,,
disagreement,1248,3,51.45,13.96,,,,,,
cotton,1249,3,51.36,13.68,,,,,,
intensity,1250,3,51.57,14.35,,,,,,
routinely,1251,3,51.24,13.32,,,,,,
displace,1252,3,51.23,13.27,,,,,,
immune,1253,3,51.19,13.15,,,,,,
obscure,1254,3,51.16,13.07,,,,,,
mobility,1255,3,51.54,14.25,,,,,,
dilute,1256,3,51.49,14.11,,,,,,
precedent,1257,3,51.37,13.71,,,,,,
elaborate,1258,3,51.56,14.33,,,,,,
reprint,1259,3,51.4,13.79,,,,,,
bull,1260,3,51.37,13.7,,,,,,
grocery,1261,3,51.28,13.44,,,,,,
satisfactory,1262,3,51.16,13.07,,,,,,
clone,1263,3,50.7,11.74,,,,,,
extremist,1264,3,48.94,7.83,,,,,,
peg,1265,3,51.48,14.05,,,,,,
idle,1266,3,51.41,13.82,,,,,,
urgent,1267,3,51.26,13.37,,,,,,
affordable,1268,3,51.19,13.15,,,,,,
allegedly,1269,3,50.7,11.76,,,,,,
laptop,1270,3,51.14,13.01,,,,,,
annualize,1271,3,50.72,11.81,,,,,,
turmoil,1272,3,50.83,12.11,,,,,,
reinforcement,1273,3,50.67,11.66,,,,,,
wary,1274,3,50.64,11.59,,,,,,
salespeople,1275,3,50.42,11.03,,,,,,
credible,1276,3,51.42,13.87,,,,,,
woe,1277,3,50.21,10.49,,,,,,
capita,1278,3,51.06,12.77,,,,,,
underestimate,1279,3,51.46,14.01,,,,,,
tolerate,1280,3,51.34,13.62,,,,,,
casino,1281,3,51.15,13.04,,,,,,
physics,1282,3,51.02,12.64,,,,,,
downside,1283,3,50.65,11.6,,,,,,
fragile,1284,3,50.38,10.9,,,,,,
invade,1285,3,50.08,10.19,,,,,,
steam,1286,3,50.85,12.17,,,,,,
subtle,1287,3,51.39,13.76,,,,,,
hydrogen,1288,3,50.3,10.72,,,,,,
underground,1289,3,51.09,12.86,,,,,,
replicate,1290,3,51.3,13.5,,,,,,
crush,1291,3,50.47,11.15,,,,,,
appliance,1292,3,51.42,13.86,,,,,,
thereafter,1293,3,51.45,13.95,,,,,,
generator,1294,3,51.4,13.81,,,,,,
breakthrough,1295,3,51.26,13.37,,,,,,
rhetoric,1296,3,50.39,10.94,,,,,,
delta,1297,3,50.25,10.59,,,,,,
seldom,1298,3,51.45,13.96,,,,,,
marketable,1299,3,50.83,12.1,,,,,,
plausible,1300,3,51.16,13.05,,,,,,
graphics,1301,3,51.23,13.28,,,,,,
conjunction,1302,3,51.2,13.17,,,,,,
pan,1303,3,51.2,13.17,,,,,,
overhaul,1304,3,50.99,12.57,,,,,,
sensor,1305,3,51.12,12.94,,,,,,
doubtful,1306,3,51.09,12.84,,,,,,
ideological,1307,3,50.43,11.03,,,,,,
tribe,1308,3,49.73,9.39,,,,,,
grasp,1309,3,51.27,13.41,,,,,,
interactive,1310,3,51.11,12.92,,,,,,
injection,1311,3,51.49,14.09,,,,,,
bracket,1312,3,51.37,13.69,,,,,,
inappropriate,1313,3,51.28,13.42,,,,,,
outrage,1314,3,49.88,9.72,,,,,,
hurdle,1315,3,51.4,13.79,,,,,,
morale,1316,3,51.42,13.88,,,,,,
coincide,1317,3,51.38,13.73,,,,,,
commentator,1318,3,51.17,13.09,,,,,,
premier,1319,3,51.06,12.76,,,,,,
insurgency,1320,3,48.57,7.2,,,,,,
incline,1321,3,51.33,13.59,,,,,,
averse,1322,3,51.17,13.09,,,,,,
pill,1323,3,51.18,13.14,,,,,,
nomination,1324,3,50.02,10.05,,,,,,
enlarge,1325,3,51.19,13.14,,,,,,
ethanol,1326,3,49.41,8.74,,,,,,
fairness,1327,3,51.4,13.79,,,,,,
locally,1328,3,51.37,13.69,,,,,,
dependency,1329,3,50.97,12.5,,,,,,
prepayment,1330,3,50.36,10.85,,,,,,
externality,1331,3,50.81,12.06,,,,,,
helicopter,1332,3,50.17,10.39,,,,,,
disrupt,1333,3,51.15,13.03,,,,,,
confidential,1334,3,50.96,12.47,,,,,,
slot,1335,3,51.4,13.8,,,,,,
perpetual,1336,3,50.94,12.42,,,,,,
mild,1337,3,50.9,12.31,,,,,,
ration,1338,3,51.39,13.76,,,,,,
mini,1339,3,51.36,13.69,,,,,,
mosque,1340,3,48.91,7.78,,,,,,
inability,1341,3,51.43,13.9,,,,,,
pet,1342,3,51.4,13.81,,,,,,
discriminate,1343,3,51.4,13.81,,,,,,
analytic,1344,3,50.24,10.57,,,,,,
highway,1345,3,51.22,13.25,,,,,,
proliferation,1346,3,50.96,12.46,,,,,,
autonomous,1347,3,51.16,13.07,,,,,,
prone,1348,3,51.13,12.97,,,,,,
disruption,1349,3,51.39,13.77,,,,,,
drawback,1350,3,51.38,13.73,,,,,,
inefficiency,1351,3,51.34,13.6,,,,,,
relieve,1352,3,51.33,13.58,,,,,,
downgrade,1353,3,51.03,12.66,,,,,,
ideology,1354,3,50.7,11.76,,,,,,
greenhouse,1355,3,50.74,11.84,,,,,,
plead,1356,3,50.93,12.39,,,,,,
openly,1357,3,50.76,11.9,,,,,,
elastic,1358,3,50.52,11.27,,,,,,
oust,1359,3,49.7,9.32,,,,,,
spite,1360,3,51.26,13.37,,,,,,
thorough,1361,3,51.26,13.35,,,,,,
forbid,1362,3,51.12,12.93,,,,,,
entrant,1363,3,51.17,13.1,,,,,,
underwriter,1364,3,51.12,12.95,,,,,,
cattle,1365,3,51.1,12.89,,,,,,
overtime,1366,3,50.97,12.51,,,,,,
newcomer,1367,3,50.63,11.57,,,,,,
prolong,1368,3,51.09,12.84,,,,,,
salvage,1369,3,50.76,11.91,,,,,,
pursuant,1370,3,50.32,10.76,,,,,,
appropriately,1371,3,51.01,12.63,,,,,,
cleaner,1372,3,51.19,13.16,,,,,,
accusation,1373,3,50.15,10.34,,,,,,
entrepreneurial,1374,3,51.26,13.37,,,,,,
devaluation,1375,3,51.16,13.05,,,,,,
outlay,1376,3,50.96,12.48,,,,,,
simulate,1377,3,50.88,12.24,,,,,,
continental,1378,3,50.59,11.45,,,,,,
precious,1379,3,51.21,13.21,,,,,,
regain,1380,3,50.85,12.17,,,,,,
differentiation,1381,3,50.75,11.87,,,,,,
restrictive,1382,3,51.05,12.73,,,,,,
deed,1383,3,51.18,13.12,,,,,,
competent,1384,3,51.25,13.33,,,,,,
horror,1385,3,49.86,9.68,,,,,,
mechanical,1386,3,51.27,13.38,,,,,,
nationwide,1387,3,51.17,13.1,,,,,,
occasional,1388,3,51.05,12.72,,,,,,
earthquake,1389,3,50.42,11,,,,,,
nominate,1390,3,50.92,12.36,,,,,,
globe,1391,3,51.09,12.86,,,,,,
sovereignty,1392,3,49.98,9.95,,,,,,
asylum,1393,3,48.9,7.76,,,,,,
isolation,1394,3,51.22,13.25,,,,,,
circulate,1395,3,51.11,12.9,,,,,,
overstate,1396,3,51.04,12.7,,,,,,
partition,1397,3,50.66,11.64,,,,,,
hypothetical,1398,3,50.84,12.14,,,,,,
deprive,1399,3,50.96,12.48,,,,,,
homeowner,1400,3,50.68,11.7,,,,,,
investigator,1401,3,51.04,12.71,,,,,,
explosive,1402,3,50.83,12.1,,,,,,
tactical,1403,3,51.14,12.99,,,,,,
psychology,1404,3,50.89,12.29,,,,,,
reap,1405,3,51.22,13.26,,,,,,
disposable,1406,3,51.18,13.12,,,,,,
arbitration,1407,3,50.73,11.84,,,,,,
furnish,1408,3,50.98,12.55,,,,,,
boycott,1409,3,49.83,9.62,,,,,,
discrete,1410,3,50.17,10.39,,,,,,
gloomy,1411,3,49.73,9.4,,,,,,
unpredictable,1412,3,51.21,13.23,,,,,,
worthwhile,1413,3,51.09,12.84,,,,,,
consecutive,1414,3,50.89,12.26,,,,,,
accumulation,1415,3,50.81,12.04,,,,,,
disastrous,1416,3,50.75,11.89,,,,,,
dissident,1417,3,49.46,8.83,,,,,,
tremendous,1418,3,51.06,12.76,,,,,,
prototype,1419,3,51.02,12.64,,,,,,
defensive,1420,3,51.19,13.15,,,,,,
cinema,1421,3,50.62,11.54,,,,,,
communism,1422,3,50.28,10.67,,,,,,
unpaid,1423,3,51.15,13.03,,,,,,
drain,1424,3,51.07,12.79,,,,,,
frustration,1425,3,50.94,12.4,,,,,,
mentor,1426,3,50.81,12.04,,,,,,
fret,1427,3,48.9,7.77,,,,,,
depart,1428,3,51.11,12.91,,,,,,
undervalue,1429,3,50.86,12.2,,,,,,
diligence,1430,3,50.87,12.23,,,,,,
suspicious,1431,3,50.73,11.83,,,,,,
outweigh,1432,3,51.2,13.17,,,,,,
reminder,1433,3,51.08,12.82,,,,,,
yearly,1434,3,51.02,12.65,,,,,,
undoubtedly,1435,3,50.93,12.38,,,,,,
composite,1436,3,50.8,12.01,,,,,,
specialty,1437,3,50.16,10.38,,,,,,
pizza,1438,3,49.95,9.89,,,,,,
micro,1439,3,51.14,13,,,,,,
ideally,1440,3,51.02,12.64,,,,,,
casual,1441,3,50.77,11.93,,,,,,
amongst,1442,3,50.07,10.17,,,,,,
congressman,1443,3,48.7,7.41,,,,,,
transit,1444,3,51.03,12.68,,,,,,
meantime,1445,3,50.84,12.13,,,,,,
ratify,1446,3,50.6,11.47,,,,,,
healthcare,1447,3,50.03,10.07,,,,,,
eventual,1448,3,50.98,12.53,,,,,,
vague,1449,3,50.91,12.32,,,,,,
correspondent,1450,3,50.22,10.53,,,,,,
doom,1451,3,50.42,11.01,,,,,,
rage,1452,3,50.05,10.12,,,,,,
myth,1453,3,50.92,12.36,,,,,,
synthetic,1454,3,50.63,11.56,,,,,,
inspect,1455,3,51.04,12.7,,,,,,
outbreak,1456,3,49.82,9.59,,,,,,
separatist,1457,3,48.94,7.83,,,,,,
deficiency,1458,3,50.88,12.25,,,,,,
imbalance,1459,3,51.01,12.61,,,,,,
bolster,1460,3,50.33,10.78,,,,,,
constructive,1461,3,50.97,12.51,,,,,,
laser,1462,3,50.63,11.55,,,,,,
smuggle,1463,3,50.14,10.34,,,,,,
loop,1464,3,51.02,12.64,,,,,,
proclaim,1465,3,50.27,10.65,,,,,,
vacation,1466,3,50.38,10.92,,,,,,
audio,1467,3,50.99,12.55,,,,,,
delete,1468,3,50.7,11.76,,,,,,
disable,1469,3,50.85,12.16,,,,,,
commence,1470,3,50.35,10.83,,,,,,
skeptic,1471,3,49.9,9.76,,,,,,
bounce,1472,3,50.69,11.72,,,,,,
defective,1473,3,50.11,10.25,,,,,,
reformer,1474,3,49.5,8.9,,,,,,
endorsement,1475,3,50.96,12.47,,,,,,
unwilling,1476,3,50.95,12.44,,,,,,
cheaply,1477,3,50.58,11.43,,,,,,
enrich,1478,3,50.5,11.22,,,,,,
prop,1479,3,50.29,10.69,,,,,,
depositor,1480,3,51.05,12.73,,,,,,
cargo,1481,3,50.96,12.48,,,,,,
clout,1482,3,49.51,8.93,,,,,,
thumb,1483,3,51.03,12.66,,,,,,
mall,1484,3,50.74,11.86,,,,,,
authorization,1485,3,50.78,11.96,,,,,,
faculty,1486,3,50.57,11.4,,,,,,
decree,1487,3,50.28,10.67,,,,,,
collectively,1488,3,50.95,12.44,,,,,,
conspiracy,1489,3,50.23,10.54,,,,,,
dioxide,1490,3,50.67,11.66,,,,,,
enhancement,1491,3,50.39,10.94,,,,,,
decentralize,1492,3,50.87,12.23,,,,,,
explode,1493,3,50.52,11.26,,,,,,
pensioner,1494,3,49.78,9.5,,,,,,
unauthorize,1495,3,50.74,11.86,,,,,,
pin,1496,3,50.72,11.79,,,,,,
aluminum,1497,3,50.94,12.42,,,,,,
presume,1498,3,51,12.6,,,,,,
prudent,1499,3,50.93,12.37,,,,,,
dispatch,1500,3,50.63,11.57,,,,,,
spill,1501,3,50.79,12,,,,,,
census,1502,3,50.88,12.25,,,,,,
vow,1503,3,49.01,7.96,,,,,,
ineffective,1504,3,50.91,12.32,,,,,,
adequately,1505,3,50.75,11.9,,,,,,
prosper,1506,3,50.65,11.61,,,,,,
devastate,1507,3,50.63,11.56,,,,,,
testimony,1508,3,50.7,11.75,,,,,,
manipulation,1509,3,50.95,12.46,,,,,,
cooperative,1510,3,50.42,11.02,,,,,,
streamline,1511,3,50.78,11.98,,,,,,
rigid,1512,3,50.78,11.96,,,,,,
tenure,1513,3,50.84,12.12,,,,,,
milestone,1514,3,50.43,11.03,,,,,,
optimum,1515,3,50.41,11,,,,,,
subsection,1516,3,49.81,9.58,,,,,,
excellence,1517,3,50.89,12.27,,,,,,
thoroughly,1518,3,50.87,12.23,,,,,,
dose,1519,3,50.48,11.16,,,,,,
formulation,1520,3,50.61,11.51,,,,,,
exert,1521,3,50.87,12.21,,,,,,
expectancy,1522,3,50.86,12.18,,,,,,
syndicate,1523,3,50.78,11.97,,,,,,
discontinue,1524,3,50.18,10.41,,,,,,
unfavorable,1525,3,50.4,10.98,,,,,,
proprietorship,1526,3,48.92,7.8,,,,,,
franc,1527,3,50.44,11.07,,,,,,
policyholder,1528,3,50.06,10.14,,,,,,
sustainability,1529,3,49.97,9.92,,,,,,
supervisory,1530,3,50.84,12.13,,,,,,
brochure,1531,3,49.74,9.42,,,,,,
sheer,1532,3,50.58,11.43,,,,,,
electorate,1533,3,49.68,9.3,,,,,,
realization,1534,3,50.7,11.76,,,,,,
neo,1535,3,49.91,9.79,,,,,,
reinvestment,1536,3,49.64,9.21,,,,,,
clue,1537,3,50.84,12.14,,,,,,
scratch,1538,3,50.72,11.8,,,,,,
dissent,1539,3,50.47,11.13,,,,,,
pit,1540,3,50.3,10.72,,,,,,
intrigue,1541,3,50.11,10.25,,,,,,
patch,1542,3,50.51,11.24,,,,,,
brave,1543,3,49.53,8.98,,,,,,
pending,1544,3,50.82,12.07,,,,,,
scatter,1545,3,50.76,11.92,,,,,,
annum,1546,3,50.05,10.12,,,,,,
mar,1547,3,49.77,9.48,,,,,,
restrain,1548,3,50.62,11.54,,,,,,
configuration,1549,3,50.12,10.29,,,,,,
reportedly,1550,3,49.68,9.29,,,,,,
rewrite,1551,3,50.83,12.09,,,,,,
broaden,1552,3,50.82,12.08,,,,,,
negotiator,1553,3,50.13,10.31,,,,,,
offensive,1554,3,50.5,11.22,,,,,,
rape,1555,3,49.12,8.16,,,,,,
embody,1556,3,50.83,12.1,,,,,,
deployment,1557,3,50.67,11.66,,,,,,
detection,1558,3,50.56,11.36,,,,,,
bullet,1559,3,50.42,11.02,,,,,,
permanently,1560,3,50.8,12.03,,,,,,
intelligent,1561,3,50.7,11.74,,,,,,
conservation,1562,3,50.33,10.79,,,,,,
slim,1563,3,50.08,10.18,,,,,,
synergy,1564,3,50.72,11.79,,,,,,
incomplete,1565,3,50.61,11.5,,,,,,
beam,1566,3,50.12,10.28,,,,,,
disguise,1567,3,50.59,11.46,,,,,,
charitable,1568,3,50.81,12.04,,,,,,
selective,1569,3,50.8,12.02,,,,,,
assertion,1570,3,50.64,11.6,,,,,,
dictatorship,1571,3,48.98,7.91,,,,,,
fraudulent,1572,3,50.54,11.32,,,,,,
constituent,1573,3,50.76,11.92,,,,,,
compatible,1574,3,50.69,11.73,,,,,,
fiduciary,1575,3,50.27,10.64,,,,,,
inference,1576,3,50.05,10.12,,,,,,
speculate,1577,3,50.72,11.82,,,,,,
liter,1578,3,50.72,11.8,,,,,,
citizenship,1579,3,50.35,10.84,,,,,,
rebound,1580,3,50.27,10.64,,,,,,
beverage,1581,3,50.22,10.52,,,,,,
scorecard,1582,3,49.4,8.71,,,,,,
ounce,1583,3,50.52,11.28,,,,,,
tunnel,1584,3,50.4,10.96,,,,,,
clinic,1585,3,50.29,10.69,,,,,,
referral,1586,3,50.47,11.15,,,,,,
plague,1587,3,50.1,10.23,,,,,,
killer,1588,3,49.71,9.36,,,,,,
grave,1589,3,49.71,9.36,,,,,,
residence,1590,3,50.65,11.63,,,,,,
poster,1591,3,50.28,10.67,,,,,,
contributor,1592,3,50.72,11.81,,,,,,
cognitive,1593,3,50.18,10.42,,,,,,
negotiable,1594,3,50.14,10.32,,,,,,
reconstruction,1595,3,50.36,10.86,,,,,,
restate,1596,3,50.49,11.18,,,,,,
rightly,1597,3,50.01,10.03,,,,,,
converge,1598,3,50.7,11.74,,,,,,
sadly,1599,3,49.7,9.33,,,,,,
paramilitary,1600,3,47.54,5.68,,,,,,
incorrect,1601,3,50.42,11.01,,,,,,
compulsory,1602,3,50.25,10.59,,,,,,
dismantle,1603,3,49.88,9.74,,,,,,
precision,1604,3,50.7,11.74,,,,,,
ink,1605,3,50.69,11.73,,,,,,
duly,1606,3,50.43,11.03,,,,,,
baseball,1607,3,50.35,10.83,,,,,,
reformist,1608,3,48.18,6.57,,,,,,
imminent,1609,3,50.11,10.26,,,,,,
editorial,1610,3,50.48,11.18,,,,,,
sympathy,1611,3,49.38,8.68,,,,,,
forecaster,1612,3,50.44,11.07,,,,,,
clip,1613,3,50.57,11.4,,,,,,
conceal,1614,3,50.55,11.35,,,,,,
lab,1615,3,50.54,11.33,,,,,,
unrelated,1616,3,50.54,11.31,,,,,,
clarity,1617,3,50.68,11.7,,,,,,
rigorous,1618,3,50.66,11.65,,,,,,
suite,1619,3,50.23,10.55,,,,,,
flotation,1620,3,50.22,10.51,,,,,,
atom,1621,3,49.71,9.35,,,,,,
hitherto,1622,3,49.07,8.08,,,,,,
apple,1623,3,50.38,10.93,,,,,,
maneuver,1624,3,50.03,10.07,,,,,,
prosperous,1625,3,49.95,9.89,,,,,,
launder,1626,3,50.32,10.76,,,,,,
statistically,1627,3,50.28,10.67,,,,,,
instructor,1628,3,49.8,9.55,,,,,,
instruct,1629,3,50.56,11.37,,,,,,
specialization,1630,3,50.36,10.86,,,,,,
globally,1631,3,50.23,10.55,,,,,,
hungry,1632,3,49.97,9.94,,,,,,
cleric,1633,3,47.23,5.29,,,,,,
pronounce,1634,3,50.6,11.47,,,,,,
archive,1635,3,50.5,11.22,,,,,,
unify,1636,3,50.59,11.45,,,,,,
redesign,1637,3,50.53,11.31,,,,,,
adhere,1638,3,50.44,11.07,,,,,,
dash,1639,3,50.37,10.89,,,,,,
enthusiastic,1640,3,50.16,10.37,,,,,,
rein,1641,3,49.74,9.43,,,,,,
dismissal,1642,3,49.34,8.59,,,,,,
empowerment,1643,3,49.98,9.95,,,,,,
revival,1644,3,49.64,9.2,,,,,,
nationalize,1645,3,49.32,8.55,,,,,,
swiftly,1646,3,49.58,9.07,,,,,,
trainee,1647,3,49.42,8.76,,,,,,
nationalism,1648,3,48.69,7.4,,,,,,
void,1649,3,50.44,11.06,,,,,,
confirmation,1650,3,50.51,11.25,,,,,,
prejudice,1651,3,50.13,10.31,,,,,,
enforceable,1652,3,50.07,10.16,,,,,,
instinct,1653,3,49.83,9.62,,,,,,
dub,1654,3,49.63,9.18,,,,,,
deliberate,1655,3,50.54,11.32,,,,,,
approximation,1656,3,49.86,9.67,,,,,,
unsecured,1657,3,50.21,10.5,,,,,,
quotation,1658,3,50.18,10.43,,,,,,
cruise,1659,3,50.15,10.35,,,,,,
timetable,1660,3,49.54,9.01,,,,,,
mold,1661,3,50.56,11.38,,,,,,
blast,1662,3,49.59,9.11,,,,,,
seeker,1663,3,49.93,9.85,,,,,,
accomplishment,1664,3,49.91,9.79,,,,,,
alas,1665,3,48.76,7.51,,,,,,
impair,1666,3,50.08,10.2,,,,,,
memorandum,1667,3,49.87,9.7,,,,,,
testify,1668,3,50.16,10.37,,,,,,
prod,1669,3,49.8,9.54,,,,,,
liberalize,1670,3,49.26,8.44,,,,,,
bully,1671,3,49.13,8.19,,,,,,
persistent,1672,3,50.56,11.38,,,,,,
catastrophe,1673,3,50.09,10.2,,,,,,
endless,1674,3,50.29,10.68,,,,,,
revaluation,1675,3,50.21,10.5,,,,,,
swell,1676,3,49.66,9.26,,,,,,
cancellation,1677,3,50.3,10.71,,,,,,
worthy,1678,3,50.27,10.65,,,,,,
resale,1679,3,50.07,10.16,,,,,,
progressive,1680,3,50.5,11.23,,,,,,
corrective,1681,3,49.98,9.95,,,,,,
physician,1682,3,49.94,9.86,,,,,,
genocide,1683,3,47.37,5.46,,,,,,
legitimacy,1684,3,49.71,9.36,,,,,,
speculator,1685,3,50.51,11.25,,,,,,
inconsistent,1686,3,50.33,10.79,,,,,,
captain,1687,3,50.31,10.73,,,,,,
plainly,1688,3,49.31,8.54,,,,,,
equate,1689,3,50.31,10.75,,,,,,
programmer,1690,3,50.44,11.07,,,,,,
unexpectedly,1691,3,50.18,10.42,,,,,,
timber,1692,3,50.14,10.34,,,,,,
credential,1693,3,50.02,10.04,,,,,,
lately,1694,3,49.97,9.94,,,,,,
randomly,1695,3,49.82,9.6,,,,,,
colonial,1696,3,49.62,9.16,,,,,,
underpin,1697,3,50.41,10.99,,,,,,
diary,1698,3,49.95,9.89,,,,,,
heir,1699,3,49.94,9.87,,,,,,
genuinely,1700,3,49.93,9.84,,,,,,
passport,1701,3,49.72,9.37,,,,,,
severely,1702,3,50.48,11.18,,,,,,
grim,1703,3,49.09,8.11,,,,,,
relational,1704,3,48.97,7.88,,,,,,
brutal,1705,3,48.7,7.41,,,,,,
quasi,1706,3,50.48,11.18,,,,,,
monopolist,1707,3,50.21,10.51,,,,,,
physically,1708,3,50.46,11.11,,,,,,
disposition,1709,3,49.94,9.86,,,,,,
histogram,1710,3,48.58,7.21,,,,,,
misunderstand,1711,3,50.45,11.1,,,,,,
stack,1712,3,50.44,11.07,,,,,,
recipe,1713,3,50.31,10.75,,,,,,
outgoing,1714,3,49.96,9.91,,,,,,
worksheet,1715,3,49.34,8.58,,,,,,
biography,1716,3,49.06,8.05,,,,,,
serial,1717,3,50.37,10.89,,,,,,
intercept,1718,3,50.09,10.22,,,,,,
dent,1719,3,50,10,,,,,,
absorption,1720,3,49.91,9.78,,,,,,
importer,1721,3,50.3,10.72,,,,,,
verbal,1722,3,50.3,10.71,,,,,,
peacekeeping,1723,3,48.4,6.92,,,,,,
continuity,1724,3,50.39,10.93,,,,,,
geography,1725,3,50.36,10.86,,,,,,
dismal,1726,3,49.45,8.82,,,,,,
magnetic,1727,3,50.15,10.35,,,,,,
generalize,1728,3,50.06,10.13,,,,,,
confrontation,1729,3,49.71,9.35,,,,,,
demise,1730,3,50.01,10.03,,,,,,
reversal,1731,3,50.36,10.86,,,,,,
tide,1732,3,49.94,9.86,,,,,,
saver,1733,3,50.31,10.74,,,,,,
tick,1734,3,50.24,10.56,,,,,,
bug,1735,3,50.08,10.18,,,,,,
intensify,1736,3,49.98,9.94,,,,,,
reluctance,1737,3,49.89,9.75,,,,,,
aviation,1738,3,49.56,9.03,,,,,,
defy,1739,3,49.41,8.73,,,,,,
confer,1740,3,50.24,10.56,,,,,,
portable,1741,3,50.4,10.97,,,,,,
surveillance,1742,3,49.97,9.94,,,,,,
decimal,1743,3,49.25,8.42,,,,,,
realizable,1744,3,49.05,8.03,,,,,,
